{
    "timestamp": "20260511_153243",
    "total_videos_analyzed": 6553,
    "applied_threshold": 0.6409661769866943,
    "roc_auc": 0.9062451497524782,
    "overall_accuracy": 0.7233328246604609,
    "f1_score": 0.7172929985966007,
    "precision": 0.9112519809825673,
    "recall": 0.5914116739521728,
    "confusion_matrix": {
        "TN": 2440,
        "FP": 224,
        "FN": 1589,
        "TP": 2300
    }
}